﻿chid;Last
18607;NULL
18815;NULL
19845;NULL
21647;NULL
22315;NULL
22584;NULL
22751;NULL
23043;NULL
23772;NULL
24251;NULL
25981;NULL
26164;NULL
27345;NULL
27667;NULL
27671;NULL
27769;NULL
28504;NULL
29463;NULL
29714;NULL
29735;NULL
14276;NULL
14708;NULL
15783;NULL
16376;NULL
17696;NULL
17839;NULL
32526;NULL
34082;NULL
34418;NULL
34867;NULL
34947;NULL
35019;NULL
36140;NULL
37063;NULL
32910;NULL
33702;NULL
38176;NULL
38531;NULL
38691;NULL
38902;NULL
41462;NULL
41702;NULL
41782;NULL
41892;NULL
42496;NULL
45153;NULL
40412;NULL
49155;NULL
49408;NULL
51374;NULL
52093;NULL
52156;NULL
52765;NULL
53766;NULL
55016;NULL
55273;NULL
56281;NULL
56315;NULL
59450;NULL
59630;NULL
47162;NULL
47346;NULL
52467;NULL
52546;NULL
60475;NULL
60491;NULL
60639;NULL
61228;NULL
65298;NULL
65532;NULL
65683;NULL
66419;NULL
66656;NULL
67175;NULL
67713;NULL
67715;NULL
68467;NULL
68599;NULL
68660;NULL
69213;NULL
69919;NULL
70729;NULL
71230;NULL
71551;NULL
61909;NULL
61957;NULL
62354;NULL
63027;NULL
63874;NULL
72193;NULL
74836;NULL
74850;NULL
76258;NULL
76451;NULL
76574;NULL
77413;NULL
77726;NULL
77826;NULL
79636;NULL
73317;NULL
80054;NULL
80057;NULL
80396;NULL
82152;NULL
82807;NULL
83031;NULL
85899;NULL
86157;NULL
87041;NULL
80559;NULL
81237;NULL
89688;NULL
90478;NULL
90675;NULL
90950;NULL
92265;NULL
94398;NULL
95240;NULL
95314;NULL
95377;NULL
95448;NULL
95896;NULL
98355;NULL
98889;NULL
98990;NULL
99223;NULL
99867;NULL
100383;NULL
100921;NULL
101163;NULL
92920;NULL
93186;NULL
93444;NULL
94049;NULL
92309;NULL
101632;NULL
102470;NULL
103078;NULL
103771;NULL
103865;NULL
103996;NULL
104036;NULL
104604;NULL
104694;NULL
104814;NULL
105635;NULL
105747;NULL
106254;NULL
106615;NULL
107121;NULL
107639;NULL
109564;NULL
112833;NULL
112960;NULL
112984;NULL
113108;NULL
113274;NULL
113350;NULL
113477;NULL
114670;NULL
116175;NULL
116533;NULL
116773;NULL
116987;NULL
117286;NULL
117987;NULL
120560;NULL
122222;NULL
123235;NULL
126949;NULL
127347;NULL
127370;NULL
128544;NULL
128791;NULL
129307;NULL
124195;NULL
124570;NULL
125045;NULL
125424;NULL
125558;NULL
125699;NULL
125785;NULL
130224;NULL
130529;NULL
130708;NULL
130915;NULL
131435;NULL
131471;NULL
131699;NULL
131717;NULL
131750;NULL
131783;NULL
132077;NULL
132129;NULL
132421;NULL
132941;NULL
132948;NULL
133049;NULL
133088;NULL
133456;NULL
133728;NULL
133877;NULL
133971;NULL
134339;NULL
135073;NULL
135745;NULL
135801;NULL
136176;NULL
136783;NULL
137930;NULL
140890;NULL
141327;NULL
141388;NULL
141497;NULL
142447;NULL
142765;NULL
142850;NULL
152079;NULL
152119;NULL
152214;NULL
152707;NULL
152942;NULL
153248;NULL
153677;NULL
154311;NULL
154730;NULL
155078;NULL
155474;NULL
155588;NULL
155676;NULL
156140;NULL
157618;NULL
145492;NULL
146585;NULL
146935;NULL
147031;NULL
147271;NULL
148457;NULL
148960;NULL
150857;NULL
160209;NULL
160247;NULL
161547;NULL
148374;NULL
162492;NULL
163389;NULL
164766;NULL
164845;NULL
165141;NULL
165241;NULL
166431;NULL
166863;NULL
167012;NULL
167408;NULL
167714;NULL
168204;NULL
168813;NULL
169412;NULL
169469;NULL
169850;NULL
170409;NULL
170466;NULL
171778;NULL
173672;NULL
173710;NULL
173856;NULL
174066;NULL
174360;NULL
175629;NULL
175942;NULL
175950;NULL
176196;NULL
176545;NULL
176764;NULL
177467;NULL
177529;NULL
178570;NULL
177208;NULL
179446;NULL
179464;NULL
181167;NULL
181243;NULL
182850;NULL
182872;NULL
183292;NULL
183565;NULL
184128;NULL
185228;NULL
186167;NULL
186213;NULL
186401;NULL
187508;NULL
184951;NULL
190052;NULL
191618;NULL
191722;NULL
192579;NULL
194050;NULL
196082;NULL
196449;NULL
198810;NULL
199039;NULL
199446;NULL
199666;NULL
199863;NULL
200467;NULL
202561;NULL
202581;NULL
203777;NULL
205171;NULL
205838;NULL
208085;NULL
208129;NULL
210293;NULL
210659;NULL
210692;NULL
211188;NULL
212367;NULL
212712;NULL
213068;NULL
214882;NULL
215856;NULL
217862;NULL
218197;NULL
218469;NULL
219163;NULL
219593;NULL
219835;NULL
220196;NULL
220364;NULL
220674;NULL
221069;NULL
221837;NULL
221883;NULL
222387;NULL
222958;NULL
223270;NULL
224054;NULL
224252;NULL
224921;NULL
224991;NULL
226001;NULL
227102;NULL
228166;NULL
228174;NULL
228555;NULL
228605;NULL
228844;NULL
230098;NULL
231054;NULL
231574;NULL
231982;NULL
232939;NULL
233137;NULL
233502;NULL
234116;NULL
234823;NULL
235201;NULL
235273;NULL
235305;NULL
235432;NULL
235496;NULL
235809;NULL
237362;NULL
237558;NULL
237660;NULL
238276;NULL
238553;NULL
238645;NULL
238983;NULL
239468;NULL
239526;NULL
242682;NULL
242772;NULL
243238;NULL
243517;NULL
245273;NULL
246244;NULL
247043;NULL
247176;NULL
247319;NULL
247708;NULL
247876;NULL
248107;NULL
248646;NULL
248868;NULL
249146;NULL
249318;NULL
249975;NULL
250133;NULL
250293;NULL
244302;NULL
244772;NULL
244922;NULL
245000;NULL
251673;NULL
251973;NULL
251992;NULL
252016;NULL
252080;NULL
252404;NULL
252424;NULL
252435;NULL
252525;NULL
252535;NULL
252742;NULL
253462;NULL
253816;NULL
253866;NULL
254209;NULL
254435;NULL
254641;NULL
254974;NULL
255031;NULL
255486;NULL
255711;NULL
256445;NULL
256865;NULL
240621;NULL
257041;NULL
257583;NULL
257710;NULL
257769;NULL
258724;NULL
258933;NULL
258960;NULL
259924;NULL
260102;NULL
260634;NULL
260789;NULL
261423;NULL
262369;NULL
262558;NULL
263487;NULL
263681;NULL
264999;NULL
265933;NULL
266215;NULL
267207;NULL
267524;NULL
267772;NULL
268661;NULL
272428;NULL
272490;NULL
272553;NULL
272773;NULL
274005;NULL
274209;NULL
274513;NULL
274652;NULL
274874;NULL
275111;NULL
275578;NULL
276022;NULL
276220;NULL
276705;NULL
276741;NULL
277388;NULL
277614;NULL
277885;NULL
278198;NULL
270758;NULL
271010;NULL
271512;NULL
271944;NULL
272114;NULL
278542;NULL
279686;NULL
280162;NULL
280255;NULL
282915;NULL
283030;NULL
283289;NULL
284682;NULL
285805;NULL
286024;NULL
281702;NULL
282065;NULL
287003;NULL
289215;NULL
289497;NULL
289528;NULL
290711;NULL
290891;NULL
291130;NULL
292357;NULL
293007;NULL
294659;NULL
294881;NULL
294969;NULL
295564;NULL
296694;NULL
297030;NULL
297541;NULL
297728;NULL
298563;NULL
300792;NULL
301040;NULL
301940;NULL
302182;NULL
302216;NULL
302353;NULL
302477;NULL
303000;NULL
303218;NULL
303836;NULL
304798;NULL
306186;NULL
306248;NULL
306290;NULL
307546;NULL
311019;NULL
311436;NULL
312183;NULL
312800;NULL
313059;NULL
313659;NULL
311000;NULL
313908;NULL
315174;NULL
315810;NULL
316221;NULL
316650;NULL
314477;NULL
314880;NULL
317441;NULL
317967;NULL
318804;NULL
320583;NULL
320674;NULL
320757;NULL
321402;NULL
321451;NULL
324445;NULL
324542;NULL
326369;NULL
328405;NULL
329162;NULL
329635;NULL
329925;NULL
330061;NULL
330344;NULL
331056;NULL
327566;NULL
327683;NULL
328021;NULL
331617;NULL
332456;NULL
332565;NULL
333526;NULL
334170;NULL
334561;NULL
334604;NULL
334632;NULL
337740;NULL
339790;NULL
340052;NULL
347606;NULL
347663;NULL
348121;NULL
348484;NULL
348532;NULL
349167;NULL
349315;NULL
350237;NULL
350287;NULL
350296;NULL
351131;NULL
351770;NULL
351784;NULL
352842;NULL
352946;NULL
353609;NULL
356162;NULL
356537;NULL
356665;NULL
356789;NULL
356818;NULL
357436;NULL
357768;NULL
357770;NULL
357823;NULL
357967;NULL
358522;NULL
358974;NULL
358980;NULL
359654;NULL
341882;NULL
342339;NULL
342767;NULL
343313;NULL
344039;NULL
344086;NULL
344283;NULL
344840;NULL
345755;NULL
360434;NULL
361486;NULL
361778;NULL
362656;NULL
362658;NULL
362804;NULL
363198;NULL
363512;NULL
363623;NULL
364253;NULL
365675;NULL
365979;NULL
366007;NULL
366864;NULL
366932;NULL
367334;NULL
367372;NULL
367897;NULL
368178;NULL
341209;NULL
346303;NULL
346717;NULL
368917;NULL
369616;NULL
369875;NULL
371033;NULL
371351;NULL
372709;NULL
372800;NULL
372898;NULL
373443;NULL
373619;NULL
373698;NULL
373762;NULL
373813;NULL
373858;NULL
374576;NULL
374786;NULL
375070;NULL
375728;NULL
376585;NULL
377644;NULL
377780;NULL
377986;NULL
378110;NULL
378777;NULL
378787;NULL
379171;NULL
379478;NULL
379727;NULL
380078;NULL
380090;NULL
383509;NULL
383908;NULL
384446;NULL
384511;NULL
384761;NULL
385521;NULL
385754;NULL
388597;NULL
388800;NULL
389224;NULL
390184;NULL
390385;NULL
390405;NULL
391268;NULL
392146;NULL
382888;NULL
392393;NULL
392709;NULL
392740;NULL
393253;NULL
393541;NULL
394024;NULL
394033;NULL
395534;NULL
396286;NULL
397060;NULL
397605;NULL
397616;NULL
398650;NULL
399146;NULL
399178;NULL
399218;NULL
399393;NULL
399538;NULL
399549;NULL
400291;NULL
401091;NULL
401119;NULL
401279;NULL
401334;NULL
401635;NULL
401735;NULL
402109;NULL
402402;NULL
402765;NULL
403972;NULL
404308;NULL
404877;NULL
408859;NULL
409037;NULL
409207;NULL
409578;NULL
409737;NULL
410324;NULL
410466;NULL
403029;NULL
407709;NULL
411051;NULL
412406;NULL
413591;NULL
414872;NULL
415030;NULL
415604;NULL
415718;NULL
416127;NULL
416153;NULL
416261;NULL
417207;NULL
417668;NULL
418333;NULL
418374;NULL
419074;NULL
421302;NULL
421511;NULL
421752;NULL
422072;NULL
422457;NULL
422555;NULL
422558;NULL
423951;NULL
424237;NULL
425854;NULL
425855;NULL
431698;NULL
431921;NULL
432096;NULL
433242;NULL
433843;NULL
435467;NULL
435829;NULL
435938;NULL
438010;NULL
439170;NULL
439255;NULL
439547;NULL
439860;NULL
440654;NULL
441052;NULL
441124;NULL
441234;NULL
442298;NULL
442550;NULL
422737;NULL
422801;NULL
426876;NULL
427122;NULL
428380;NULL
446106;NULL
446619;NULL
446693;NULL
446866;NULL
447123;NULL
447917;NULL
448566;NULL
448595;NULL
449210;NULL
449741;NULL
449753;NULL
450542;NULL
451419;NULL
451479;NULL
452229;NULL
452532;NULL
452789;NULL
452991;NULL
444544;NULL
444987;NULL
445502;NULL
445726;NULL
429504;NULL
431446;NULL
456043;NULL
456791;NULL
457305;NULL
457623;NULL
458107;NULL
458385;NULL
459673;NULL
453207;NULL
454065;NULL
454435;NULL
454452;NULL
454992;NULL
460119;NULL
460286;NULL
460919;NULL
461557;NULL
461640;NULL
462580;NULL
465475;NULL
465666;NULL
466134;NULL
466502;NULL
468593;NULL
468904;NULL
469028;NULL
469131;NULL
469282;NULL
466983;NULL
470774;NULL
471443;NULL
472788;NULL
472828;NULL
472888;NULL
473375;NULL
473546;NULL
473822;NULL
474154;NULL
474191;NULL
474582;NULL
474943;NULL
475721;NULL
477080;NULL
477764;NULL
477814;NULL
478025;NULL
478704;NULL
478963;NULL
472113;NULL
472269;NULL
479533;NULL
479551;NULL
480072;NULL
480259;NULL
480354;NULL
482386;NULL
483035;NULL
483144;NULL
483714;NULL
484005;NULL
484924;NULL
485298;NULL
486358;NULL
487413;NULL
487970;NULL
488455;NULL
489220;NULL
489530;NULL
489770;NULL
489974;NULL
490430;NULL
490696;NULL
490722;NULL
494275;NULL
494673;NULL
495421;NULL
481334;NULL
481427;NULL
481844;NULL
496759;NULL
497562;NULL
497653;NULL
498455;NULL
498468;NULL
499378;NULL
499492;NULL
500815;NULL
501209;NULL
501346;NULL
501458;NULL
501516;NULL
504414;NULL
504971;NULL
505128;NULL
507119;NULL
507145;NULL
509076;NULL
509513;NULL
509597;NULL
509784;NULL
509854;NULL
510094;NULL
502779;NULL
502971;NULL
503227;NULL
503874;NULL
504026;NULL
495604;NULL
511420;NULL
511620;NULL
512700;NULL
512882;NULL
513242;NULL
513600;NULL
513731;NULL
513996;NULL
515382;NULL
515893;NULL
517057;NULL
517790;NULL
520383;NULL
521407;NULL
521599;NULL
521894;NULL
523232;NULL
523294;NULL
523959;NULL
524072;NULL
524365;NULL
524872;NULL
526412;NULL
526651;NULL
527126;NULL
527246;NULL
527269;NULL
527923;NULL
528259;NULL
529262;NULL
529572;NULL
529882;NULL
530268;NULL
530997;NULL
531743;NULL
531837;NULL
532434;NULL
532829;NULL
532856;NULL
534705;NULL
535541;NULL
535907;NULL
536627;NULL
536969;NULL
538265;NULL
538435;NULL
541418;NULL
541623;NULL
541730;NULL
542075;NULL
542850;NULL
539550;NULL
539601;NULL
543378;NULL
543599;NULL
544579;NULL
544924;NULL
545213;NULL
546482;NULL
546702;NULL
546724;NULL
547867;NULL
548333;NULL
549053;NULL
550018;NULL
550097;NULL
550662;NULL
550694;NULL
550954;NULL
551072;NULL
551322;NULL
551390;NULL
551902;NULL
552455;NULL
553114;NULL
554469;NULL
555431;NULL
556002;NULL
556114;NULL
556170;NULL
556185;NULL
557457;NULL
558956;NULL
559556;NULL
560020;NULL
560249;NULL
561133;NULL
562509;NULL
564222;NULL
564521;NULL
565267;NULL
565307;NULL
565675;NULL
566545;NULL
566565;NULL
567276;NULL
568673;NULL
568788;NULL
569017;NULL
569718;NULL
570009;NULL
570045;NULL
570489;NULL
571369;NULL
571945;NULL
572326;NULL
572582;NULL
572893;NULL
573104;NULL
573790;NULL
574563;NULL
575235;NULL
576344;NULL
581211;NULL
581799;NULL
582502;NULL
583342;NULL
584037;NULL
584592;NULL
584646;NULL
584716;NULL
584881;NULL
585045;NULL
585104;NULL
585139;NULL
576803;NULL
577754;NULL
578293;NULL
579141;NULL
579936;NULL
580403;NULL
585776;NULL
585909;NULL
586752;NULL
586763;NULL
586904;NULL
586984;NULL
588305;NULL
589473;NULL
590012;NULL
591553;NULL
591555;NULL
592115;NULL
592740;NULL
594036;NULL
594481;NULL
594772;NULL
594778;NULL
594868;NULL
599871;NULL
600238;NULL
600744;NULL
601405;NULL
602222;NULL
602305;NULL
603288;NULL
603353;NULL
595329;NULL
597165;NULL
597579;NULL
598166;NULL
604353;NULL
605045;NULL
605202;NULL
605772;NULL
606398;NULL
606774;NULL
607236;NULL
598829;NULL
599027;NULL
608161;NULL
609356;NULL
610172;NULL
610417;NULL
610767;NULL
610867;NULL
611858;NULL
611935;NULL
613741;NULL
614522;NULL
615378;NULL
615705;NULL
615913;NULL
616493;NULL
616577;NULL
616727;NULL
612464;NULL
613008;NULL
613129;NULL
613169;NULL
618525;NULL
620038;NULL
621427;NULL
622817;NULL
622984;NULL
623551;NULL
623691;NULL
624600;NULL
625068;NULL
627305;NULL
627534;NULL
628727;NULL
628825;NULL
629333;NULL
629334;NULL
629763;NULL
630338;NULL
630615;NULL
632017;NULL
632576;NULL
632772;NULL
609672;NULL
609875;NULL
633302;NULL
634034;NULL
634838;NULL
635593;NULL
637959;NULL
638879;NULL
639426;NULL
639863;NULL
639873;NULL
640499;NULL
640502;NULL
640745;NULL
642615;NULL
642766;NULL
642808;NULL
643246;NULL
643904;NULL
644250;NULL
644641;NULL
644853;NULL
645059;NULL
645064;NULL
645455;NULL
645598;NULL
646258;NULL
646499;NULL
646505;NULL
647040;NULL
647381;NULL
647595;NULL
647678;NULL
647711;NULL
647756;NULL
647767;NULL
648175;NULL
648291;NULL
649462;NULL
649481;NULL
649769;NULL
650474;NULL
650863;NULL
651408;NULL
641846;NULL
641939;NULL
642073;NULL
651770;NULL
652664;NULL
653136;NULL
653668;NULL
653828;NULL
654626;NULL
654689;NULL
654867;NULL
655122;NULL
655333;NULL
655856;NULL
655928;NULL
655942;NULL
657573;NULL
657609;NULL
657774;NULL
658814;NULL
659798;NULL
660232;NULL
661142;NULL
661522;NULL
661653;NULL
661667;NULL
661835;NULL
662303;NULL
662452;NULL
662591;NULL
662917;NULL
663223;NULL
663359;NULL
663400;NULL
663420;NULL
664461;NULL
664678;NULL
664700;NULL
665513;NULL
666213;NULL
666493;NULL
667006;NULL
667018;NULL
667195;NULL
668615;NULL
668767;NULL
669270;NULL
670869;NULL
671509;NULL
671946;NULL
672114;NULL
673483;NULL
673928;NULL
674517;NULL
674672;NULL
656818;NULL
675182;NULL
678003;NULL
678029;NULL
678134;NULL
678799;NULL
678815;NULL
680059;NULL
680309;NULL
680328;NULL
676362;NULL
676532;NULL
677300;NULL
675638;NULL
680645;NULL
680881;NULL
681324;NULL
681744;NULL
681955;NULL
681986;NULL
682330;NULL
682541;NULL
682655;NULL
683942;NULL
684284;NULL
685613;NULL
687315;NULL
689959;NULL
689990;NULL
690056;NULL
690433;NULL
690979;NULL
691051;NULL
691475;NULL
692432;NULL
692589;NULL
692835;NULL
693017;NULL
693085;NULL
693408;NULL
693617;NULL
693627;NULL
694035;NULL
694987;NULL
695843;NULL
696791;NULL
688142;NULL
688330;NULL
689526;NULL
697842;NULL
697900;NULL
698190;NULL
699396;NULL
699509;NULL
699954;NULL
700712;NULL
701002;NULL
701328;NULL
701417;NULL
708945;NULL
709132;NULL
709755;NULL
711855;NULL
712072;NULL
712211;NULL
712252;NULL
712798;NULL
713312;NULL
713499;NULL
714763;NULL
714913;NULL
715662;NULL
715879;NULL
716311;NULL
716553;NULL
702798;NULL
702977;NULL
704207;NULL
704617;NULL
706490;NULL
707012;NULL
707175;NULL
707330;NULL
707493;NULL
717725;NULL
717991;NULL
718639;NULL
719146;NULL
719418;NULL
719452;NULL
720349;NULL
720688;NULL
720711;NULL
721414;NULL
724727;NULL
725084;NULL
725832;NULL
726042;NULL
726500;NULL
726643;NULL
726992;NULL
727177;NULL
727405;NULL
728402;NULL
728454;NULL
728829;NULL
728870;NULL
728966;NULL
730395;NULL
707867;NULL
708076;NULL
708316;NULL
722509;NULL
723010;NULL
723023;NULL
723466;NULL
723582;NULL
730960;NULL
731408;NULL
731537;NULL
731710;NULL
731889;NULL
732426;NULL
732810;NULL
733470;NULL
734091;NULL
734808;NULL
736464;NULL
736812;NULL
736833;NULL
736950;NULL
736998;NULL
737145;NULL
737163;NULL
738350;NULL
738380;NULL
738423;NULL
738456;NULL
738540;NULL
738601;NULL
738709;NULL
738900;NULL
738975;NULL
739131;NULL
739530;NULL
739760;NULL
739874;NULL
740596;NULL
740666;NULL
740685;NULL
741801;NULL
741871;NULL
742356;NULL
742377;NULL
742840;NULL
743164;NULL
743465;NULL
743672;NULL
744130;NULL
744658;NULL
744863;NULL
744916;NULL
745401;NULL
746235;NULL
747468;NULL
748482;NULL
748804;NULL
749098;NULL
749455;NULL
749569;NULL
750487;NULL
750775;NULL
751203;NULL
752102;NULL
752319;NULL
753937;NULL
756214;NULL
756377;NULL
756656;NULL
756790;NULL
757304;NULL
757852;NULL
758434;NULL
758560;NULL
754294;NULL
754579;NULL
758739;NULL
758840;NULL
759311;NULL
759349;NULL
760820;NULL
760884;NULL
761462;NULL
761567;NULL
762344;NULL
762810;NULL
763050;NULL
763134;NULL
763407;NULL
763438;NULL
763478;NULL
763541;NULL
764122;NULL
759560;NULL
760181;NULL
760380;NULL
765043;NULL
765374;NULL
765492;NULL
765989;NULL
766029;NULL
767268;NULL
767374;NULL
768308;NULL
768471;NULL
768699;NULL
769160;NULL
769196;NULL
771000;NULL
771536;NULL
772865;NULL
773006;NULL
773902;NULL
774101;NULL
774189;NULL
774948;NULL
775794;NULL
776152;NULL
766687;NULL
769774;NULL
769827;NULL
778093;NULL
778248;NULL
778415;NULL
778462;NULL
778511;NULL
778923;NULL
778992;NULL
779313;NULL
779435;NULL
779517;NULL
779887;NULL
780016;NULL
780307;NULL
780846;NULL
781108;NULL
781223;NULL
781522;NULL
781580;NULL
781865;NULL
782461;NULL
782842;NULL
782961;NULL
783675;NULL
784472;NULL
784710;NULL
784886;NULL
784909;NULL
785174;NULL
785997;NULL
786056;NULL
786188;NULL
786503;NULL
786804;NULL
787612;NULL
788376;NULL
789619;NULL
789801;NULL
789881;NULL
790702;NULL
791068;NULL
791865;NULL
791957;NULL
792254;NULL
792958;NULL
793129;NULL
793530;NULL
793753;NULL
793779;NULL
793959;NULL
794520;NULL
794796;NULL
794892;NULL
795686;NULL
796112;NULL
796457;NULL
796792;NULL
797308;NULL
797595;NULL
798670;NULL
798703;NULL
798818;NULL
798843;NULL
801327;NULL
801788;NULL
802305;NULL
802602;NULL
802641;NULL
803170;NULL
803203;NULL
804000;NULL
799087;NULL
799150;NULL
800030;NULL
800606;NULL
800877;NULL
804574;NULL
805379;NULL
805425;NULL
806140;NULL
807292;NULL
807879;NULL
808382;NULL
808754;NULL
812741;NULL
812887;NULL
813139;NULL
814220;NULL
815786;NULL
817032;NULL
817555;NULL
817634;NULL
817725;NULL
818809;NULL
818982;NULL
819627;NULL
810609;NULL
811583;NULL
811703;NULL
811796;NULL
811851;NULL
822140;NULL
822216;NULL
822439;NULL
822584;NULL
826582;NULL
826757;NULL
827360;NULL
827501;NULL
828555;NULL
828573;NULL
828883;NULL
829370;NULL
829388;NULL
829783;NULL
829819;NULL
824726;NULL
824914;NULL
825461;NULL
823487;NULL
824041;NULL
831762;NULL
831814;NULL
832122;NULL
832283;NULL
834022;NULL
834061;NULL
834316;NULL
835088;NULL
835091;NULL
837015;NULL
837038;NULL
837298;NULL
837395;NULL
830794;NULL
830889;NULL
838521;NULL
839094;NULL
839360;NULL
839935;NULL
840231;NULL
840694;NULL
841426;NULL
841559;NULL
843992;NULL
844503;NULL
845110;NULL
846244;NULL
846392;NULL
847140;NULL
847172;NULL
847231;NULL
847545;NULL
847661;NULL
847764;NULL
849434;NULL
852017;NULL
852226;NULL
852717;NULL
853284;NULL
842838;NULL
854708;NULL
854895;NULL
855076;NULL
862657;NULL
862766;NULL
862841;NULL
863577;NULL
864110;NULL
864234;NULL
864741;NULL
856708;NULL
856792;NULL
857134;NULL
857229;NULL
857491;NULL
858248;NULL
861841;NULL
865455;NULL
873322;NULL
873958;NULL
874380;NULL
875139;NULL
875363;NULL
875518;NULL
877197;NULL
878031;NULL
878862;NULL
879103;NULL
879563;NULL
880007;NULL
880282;NULL
880289;NULL
868004;NULL
868337;NULL
881259;NULL
882114;NULL
882291;NULL
882928;NULL
883243;NULL
883620;NULL
883846;NULL
884368;NULL
885367;NULL
886706;NULL
886762;NULL
887119;NULL
889926;NULL
890073;NULL
890151;NULL
890998;NULL
891339;NULL
891502;NULL
892480;NULL
892778;NULL
892841;NULL
865824;NULL
866145;NULL
893981;NULL
895996;NULL
897285;NULL
897909;NULL
898207;NULL
898376;NULL
898880;NULL
894571;NULL
899288;NULL
901518;NULL
901803;NULL
901855;NULL
902504;NULL
902632;NULL
903903;NULL
927084;NULL
927151;NULL
927501;NULL
899733;NULL
929415;NULL
929448;NULL
930401;NULL
930872;NULL
931527;NULL
931715;NULL
934069;NULL
934569;NULL
934990;NULL
933064;NULL
933279;NULL
935506;NULL
936701;NULL
936768;NULL
936856;NULL
945313;NULL
945602;NULL
945740;NULL
945882;NULL
946392;NULL
946882;NULL
947219;NULL
947222;NULL
947754;NULL
948043;NULL
948261;NULL
948578;NULL
948619;NULL
949146;NULL
949607;NULL
949741;NULL
949819;NULL
950507;NULL
950653;NULL
942206;NULL
942211;NULL
943077;NULL
943259;NULL
943885;NULL
943933;NULL
944193;NULL
937603;NULL
938459;NULL
939170;NULL
939744;NULL
951040;NULL
952369;NULL
941428;NULL
941561;NULL
953051;NULL
955279;NULL
955671;NULL
957569;NULL
957590;NULL
954339;NULL
954855;NULL
957712;NULL
958217;NULL
958324;NULL
958787;NULL
959201;NULL
960231;NULL
960760;NULL
960772;NULL
960995;NULL
961241;NULL
961582;NULL
962231;NULL
963214;NULL
963254;NULL
964750;NULL
964869;NULL
964987;NULL
965217;NULL
965844;NULL
965893;NULL
966054;NULL
966627;NULL
967144;NULL
967926;NULL
968657;NULL
968796;NULL
968910;NULL
971134;NULL
972475;NULL
973375;NULL
975222;NULL
975958;NULL
976137;NULL
976489;NULL
971843;NULL
978305;NULL
982262;NULL
983095;NULL
983173;NULL
983357;NULL
983515;NULL
985058;NULL
985097;NULL
985358;NULL
985612;NULL
985682;NULL
985702;NULL
986149;NULL
979703;NULL
979787;NULL
979849;NULL
980946;NULL
986699;NULL
987047;NULL
987313;NULL
987332;NULL
987716;NULL
987803;NULL
987848;NULL
988227;NULL
989559;NULL
989753;NULL
989841;NULL
990073;NULL
990207;NULL
981660;NULL
981839;NULL
990566;NULL
991557;NULL
991824;NULL
994434;NULL
994610;NULL
995136;NULL
995390;NULL
996502;NULL
996649;NULL
997153;NULL
997192;NULL
993749;NULL
993758;NULL
999999;NULL
1001420;NULL
1001549;NULL
1001742;NULL
1001807;NULL
1001920;NULL
1002365;NULL
1002653;NULL
1002902;NULL
1003210;NULL
1003472;NULL
1003525;NULL
1003714;NULL
1003986;NULL
1004353;NULL
1004662;NULL
1004706;NULL
1007003;NULL
1007274;NULL
1008202;NULL
1008739;NULL
1009613;NULL
1009657;NULL
1009658;NULL
1010413;NULL
1010743;NULL
1010935;NULL
1011388;NULL
1012327;NULL
1012329;NULL
1012339;NULL
1012418;NULL
1013777;NULL
1015682;NULL
1006363;NULL
1017033;NULL
1018107;NULL
1018203;NULL
1018266;NULL
1018597;NULL
1019297;NULL
1019332;NULL
1019835;NULL
1020037;NULL
1020123;NULL
1021506;NULL
1021533;NULL
1021757;NULL
1023490;NULL
1027128;NULL
1027545;NULL
1027878;NULL
1027947;NULL
1028266;NULL
1028489;NULL
1029222;NULL
1029566;NULL
1024299;NULL
1024544;NULL
1024866;NULL
1006557;NULL
1006582;NULL
1030494;NULL
1035098;NULL
1035401;NULL
1035402;NULL
1035800;NULL
1036217;NULL
1036842;NULL
1037382;NULL
1037651;NULL
1037958;NULL
1038038;NULL
1038891;NULL
1038925;NULL
1042006;NULL
1042292;NULL
1043106;NULL
1043495;NULL
1031602;NULL
1031726;NULL
1032701;NULL
1032922;NULL
1033664;NULL
1034687;NULL
1044586;NULL
1044664;NULL
1044786;NULL
1045344;NULL
1045464;NULL
1045702;NULL
1046457;NULL
1046818;NULL
1053912;NULL
1054237;NULL
1054773;NULL
1055301;NULL
1055972;NULL
1056626;NULL
1056645;NULL
1057404;NULL
1057503;NULL
1057555;NULL
1057761;NULL
1057788;NULL
1057931;NULL
1058122;NULL
1058430;NULL
1058783;NULL
1048273;NULL
1048749;NULL
1048818;NULL
1048887;NULL
1049096;NULL
1049582;NULL
1049742;NULL
1050709;NULL
1051071;NULL
1051297;NULL
1051893;NULL
1047505;NULL
1053168;NULL
1053490;NULL
1059067;NULL
1059299;NULL
1059651;NULL
1070706;NULL
1070926;NULL
1071191;NULL
1071259;NULL
1071421;NULL
1072258;NULL
1072310;NULL
1073442;NULL
1073660;NULL
1074257;NULL
1074446;NULL
1074567;NULL
1074314;NULL
1074378;NULL
1074711;NULL
1074725;NULL
1075226;NULL
1075247;NULL
1075267;NULL
1074930;NULL
1075184;NULL
1075360;NULL
1075378;NULL
1075670;NULL
1080104;NULL
1080309;NULL
1077757;NULL
1080803;NULL
1080843;NULL
1081067;NULL
1081111;NULL
1081233;NULL
1081267;NULL
1081424;NULL
1081594;NULL
1081613;NULL
1081728;NULL
1081806;NULL
1081819;NULL
1082000;NULL
1082060;NULL
1082081;NULL
1082302;NULL
1082517;NULL
1082569;NULL
1082777;NULL
1082823;NULL
1082825;NULL
1082897;NULL
1083054;NULL
1083186;NULL
1083223;NULL
1083287;NULL
1083967;NULL
1084305;NULL
1084539;NULL
1084664;NULL
1084671;NULL
1084859;NULL
1085004;NULL
1085371;NULL
1085791;NULL
1085952;NULL
1086202;NULL
1086232;NULL
1086283;NULL
1086706;NULL
1086802;NULL
1086922;NULL
1086964;NULL
1087228;NULL
1087544;NULL
1087558;NULL
1087665;NULL
1087943;NULL
1088497;NULL
1088894;NULL
1089078;NULL
1089375;NULL
1089383;NULL
1089658;NULL
1089739;NULL
1089914;NULL
1089984;NULL
1090907;NULL
1091292;NULL
1091816;NULL
1092032;NULL
1092147;NULL
1092229;NULL
1092991;NULL
1093189;NULL
1093247;NULL
1093483;NULL
1093912;NULL
1094344;NULL
1094395;NULL
1094674;NULL
1094767;NULL
1094820;NULL
1095313;NULL
1095667;NULL
1095756;NULL
1095758;NULL
1096029;NULL
1096831;NULL
1096897;NULL
1096940;NULL
1096958;NULL
1097016;NULL
1097190;NULL
1097239;NULL
1097597;NULL
1097600;NULL
1097616;NULL
1097739;NULL
1097855;NULL
1098287;NULL
1098290;NULL
1098317;NULL
1098414;NULL
1098536;NULL
1098594;NULL
1098602;NULL
1098606;NULL
1099054;NULL
1099185;NULL
1099206;NULL
1099212;NULL
1099320;NULL
1099904;NULL
1099920;NULL
1100853;NULL
1100899;NULL
1101281;NULL
1101287;NULL
1101372;NULL
1101475;NULL
1101700;NULL
1101716;NULL
1101920;NULL
1101950;NULL
1101954;NULL
1102243;NULL
1102441;NULL
1103203;NULL
1103213;NULL
1103382;NULL
1103870;NULL
1103896;NULL
1103939;NULL
1104696;NULL
1104956;NULL
1104995;NULL
1105073;NULL
1105305;NULL
1106357;NULL
1106361;NULL
1106662;NULL
1106963;NULL
1107481;NULL
1107547;NULL
1108884;NULL
1109027;NULL
1109536;NULL
1110210;NULL
1110625;NULL
1110730;NULL
1111598;NULL
1112491;NULL
1113195;NULL
1113446;NULL
1113507;NULL
1113553;NULL
1113597;NULL
1113622;NULL
1113625;NULL
1113658;NULL
1114645;NULL
1114705;NULL
1114825;NULL
1114862;NULL
1115048;NULL
1115067;NULL
1115463;NULL
1115507;NULL
1115979;NULL
1116049;NULL
1116064;NULL
1116235;NULL
1116246;NULL
1116268;NULL
1116292;NULL
1116507;NULL
1116754;NULL
1116780;NULL
1116821;NULL
1116827;NULL
1116969;NULL
1117457;NULL
1117631;NULL
1117765;NULL
1117952;NULL
1117965;NULL
1118023;NULL
1118024;NULL
1118031;NULL
1118038;NULL
1118091;NULL
1118169;NULL
1118195;NULL
1118244;NULL
1118273;NULL
1118504;NULL
1118521;NULL
1118630;NULL
1118640;NULL
1118684;NULL
1118709;NULL
1118703;NULL
1118747;NULL
1118858;NULL
1118942;NULL
1118804;NULL
1118955;NULL
1118957;NULL
1118958;NULL
1118959;NULL
1118961;NULL
1118963;NULL
1118964;NULL
1118965;NULL
1118966;NULL
1118967;NULL
1118968;NULL
1118969;NULL
1118976;NULL
1118991;NULL
1119103;NULL
1119584;NULL
1119772;NULL
1119774;NULL
1119775;NULL
1119779;NULL
1119780;NULL
1119781;NULL
1119826;NULL
1119840;NULL
1119850;NULL
1119872;NULL
1119879;NULL
1119923;NULL
1119991;NULL
1119996;NULL
1120045;NULL
1120351;NULL
1120386;NULL
1120394;NULL
1120395;NULL
1120396;NULL
1120442;NULL
1120446;NULL
1120447;NULL
1120604;NULL
1120656;NULL
1120667;NULL
1120776;NULL
1120986;NULL
1120991;NULL
1120993;NULL
1121177;NULL
1121314;NULL
1121324;NULL
1121360;NULL
1121364;NULL
1121367;NULL
1121393;NULL
1121458;NULL
1121478;NULL
1121615;NULL
1121619;NULL
1121646;NULL
1121907;NULL
1121908;NULL
1121909;NULL
1121910;NULL
1121911;NULL
1122282;NULL
1122283;NULL
1122284;NULL
1122285;NULL
1122286;NULL
1122287;NULL
1122288;NULL
1122289;NULL
1122290;NULL
1122291;NULL
1122292;NULL
1122293;NULL
1122294;NULL
1122295;NULL
1122296;NULL
1122297;NULL
1122298;NULL
1122299;NULL
1122300;NULL
1122301;NULL
1122302;NULL
1122303;NULL
1122304;NULL
1122305;NULL
1122306;NULL
1122307;NULL
1122308;NULL
1122309;NULL
1122310;NULL
1122311;NULL
1122312;NULL
1122313;NULL
1122314;NULL
1122315;NULL
1122316;NULL
1122317;NULL
1122318;NULL
1122319;NULL
1122320;NULL
1122321;NULL
1122322;NULL
1122330;NULL
1121717;NULL
1121983;NULL
1122031;NULL
1122104;NULL
1122196;NULL
1122235;NULL
1122349;NULL
1122438;NULL
1122785;NULL
1122834;NULL
1122860;NULL
1122883;NULL
1122913;NULL
1123118;NULL
1123176;NULL
1123179;NULL
1123181;NULL
1123182;NULL
1123246;NULL
1123303;NULL
1123326;NULL
1123332;NULL
1123337;NULL
1123423;NULL
1123498;NULL
1123507;NULL
1123564;NULL
1123673;NULL
1123838;NULL
1123840;NULL
1123843;NULL
1123846;NULL
1123853;NULL
1123856;NULL
1123860;NULL
1123864;NULL
1124071;NULL
1124223;NULL
1124255;NULL
1124347;NULL
1124478;NULL
1124607;NULL
1124760;NULL
1124763;NULL
1124848;NULL
1124869;NULL
1124872;NULL
1124874;NULL
1124926;NULL
1125173;NULL
1125178;NULL
1125227;NULL
1125356;NULL
1125358;NULL
1125388;NULL
1125390;NULL
1125778;NULL
1125789;NULL
1125877;NULL
1125904;NULL
1125906;NULL
1125911;NULL
1125932;NULL
1125942;NULL
1126195;NULL
1126325;NULL
1126332;NULL
1126168;NULL
1126388;NULL
1126614;NULL
1126737;NULL
1126984;NULL
1127139;NULL
1127269;NULL
1127289;NULL
1127290;NULL
1127291;NULL
1127292;NULL
1127293;NULL
1127294;NULL
1127295;NULL
1127333;NULL
1127365;NULL
1127375;NULL
1127383;NULL
1127429;NULL
1127453;NULL
1127601;NULL
1127634;NULL
1127691;NULL
1127694;NULL
1127664;NULL
1128032;NULL
1128055;NULL
1128064;NULL
1128081;NULL
1128082;NULL
1128429;NULL
1128445;NULL
1128603;NULL
1128605;NULL
1128608;NULL
1128611;NULL
1128632;NULL
1128766;NULL
1128768;NULL
1128744;NULL
1128799;NULL
1128801;NULL
1128803;NULL
1128810;NULL
1128820;NULL
1128821;NULL
1129032;NULL
1129053;NULL
1129056;NULL
1128911;NULL
1129232;NULL
1129243;NULL
1129245;NULL
1129236;NULL
1129254;NULL
1129284;NULL
1129286;NULL
1129441;NULL
1129532;NULL
1129533;NULL
1129534;NULL
1129934;NULL
1129944;NULL
1129984;NULL
1129523;NULL
1129525;NULL
1130064;NULL
1130122;NULL
1130137;NULL
1130223;NULL
1130232;NULL
1130463;NULL
1130503;NULL
1130564;NULL
1130587;NULL
1130605;NULL
1130678;NULL
1130689;NULL
1130827;NULL
1130889;NULL
1131087;NULL
1131155;NULL
1131165;NULL
1131558;NULL
1131569;NULL
1131627;NULL
1131675;NULL
1131734;NULL
1131812;NULL
1131833;NULL
1131846;NULL
1131848;NULL
1131854;NULL
1131843;NULL
1131866;NULL
1131877;NULL
1131880;NULL
1131897;NULL
1131906;NULL
1131940;NULL
1131942;NULL
1131959;NULL
1132056;NULL
1132106;NULL
1132107;NULL
1132119;NULL
1132126;NULL
1132128;NULL
1132143;NULL
1132145;NULL
1132160;NULL
1132224;NULL
1132225;NULL
1132227;NULL
1132229;NULL
1132289;NULL
1132296;NULL
1132352;NULL
1132397;NULL
1132471;NULL
1132474;NULL
1132492;NULL
1132495;NULL
1132688;NULL
1132740;NULL
1132742;NULL
1132743;NULL
1132746;NULL
1132748;NULL
1132749;NULL
1132751;NULL
1132752;NULL
1132753;NULL
1132803;NULL
1132804;NULL
1132805;NULL
1132808;NULL
1132811;NULL
1132812;NULL
1132814;NULL
1132815;NULL
1132818;NULL
1132819;NULL
1133148;NULL
1133191;NULL
1133220;NULL
1133223;NULL
1133264;NULL
1133278;NULL
1133290;NULL
1133238;NULL
1133334;NULL
1133354;NULL
1133586;NULL
1133517;NULL
1133527;NULL
1133607;NULL
1133898;NULL
1134012;NULL
1134300;NULL
1134678;NULL
1134691;NULL
1134762;NULL
1134763;NULL
1134768;NULL
1134781;NULL
1134792;NULL
1134795;NULL
1134801;NULL
1134803;NULL
1134859;NULL
1134882;NULL
1134886;NULL
1135014;NULL
1135346;NULL
1135377;NULL
1135392;NULL
1135606;NULL
1135610;NULL
1135618;NULL
1135621;NULL
1135624;NULL
1135698;NULL
1135752;NULL
1135820;NULL
1135827;NULL
1135828;NULL
1135836;NULL
1135837;NULL
1135849;NULL
1135865;NULL
1135881;NULL
1135901;NULL
1136257;NULL
1136284;NULL
1136291;NULL
1136436;NULL
1136437;NULL
1136442;NULL
1136448;NULL
1136475;NULL
1136484;NULL
1136499;NULL
1136505;NULL
1136516;NULL
1136665;NULL
1136678;NULL
1136723;NULL
1136724;NULL
1136735;NULL
1136774;NULL
1136778;NULL
1136804;NULL
1136816;NULL
1136817;NULL
1136821;NULL
1136810;NULL
1136845;NULL
1136846;NULL
1136865;NULL
1136841;NULL
1136870;NULL
1136883;NULL
1136887;NULL
1136972;NULL
1137002;NULL
1137004;NULL
1136957;NULL
1137009;NULL
1137067;NULL
1137108;NULL
1137125;NULL
1137154;NULL
1137263;NULL
1137264;NULL
1137265;NULL
1137296;NULL
1137301;NULL
1137302;NULL
1137497;NULL
1137660;NULL
1137701;NULL
1137710;NULL
1137713;NULL
1137726;NULL
1137730;NULL
1137926;NULL
1138005;NULL
1138040;NULL
1138102;NULL
1138128;NULL
1138131;NULL
1138164;NULL
1138165;NULL
1138171;NULL
1138185;NULL
1138328;NULL
1138352;NULL
1138375;NULL
1138378;NULL
1138381;NULL
1138225;NULL
1138450;NULL
1138452;NULL
1138475;NULL
1138547;NULL
1138611;NULL
1138620;NULL
1138949;NULL
1138950;NULL
1138964;NULL
1139014;NULL
1139143;NULL
1139152;NULL
1139194;NULL
1139227;NULL
1139348;NULL
1139358;NULL
1139242;NULL
1139290;NULL
1139387;NULL
1139411;NULL
1139423;NULL
1139438;NULL
1139450;NULL
1139461;NULL
1139475;NULL
1139497;NULL
1139890;NULL
1139920;NULL
1139921;NULL
1140076;NULL
1140077;NULL
1140080;NULL
1140085;NULL
1140139;NULL
1140148;NULL
1140196;NULL
1140201;NULL
1140206;NULL
1140352;NULL
1140423;NULL
1140424;NULL
1140429;NULL
1140432;NULL
1140436;NULL
1140437;NULL
1140438;NULL
1140443;NULL
1140544;NULL
1140560;NULL
1140592;NULL
1140613;NULL
1140579;NULL
1140739;NULL
1140785;NULL
1140796;NULL
1140800;NULL
1140801;NULL
1140802;NULL
1140831;NULL
1140836;NULL
1140845;NULL
1141158;NULL
1141208;NULL
1141326;NULL
1141400;NULL
1141438;NULL
1141596;NULL
1141598;NULL
1141599;NULL
1141607;NULL
1141608;NULL
1141584;NULL
1141613;NULL
1141626;NULL
1141628;NULL
1141643;NULL
1141646;NULL
1141649;NULL
1141650;NULL
1141651;NULL
1141652;NULL
1141654;NULL
1141656;NULL
1141659;NULL
1141706;NULL
1141708;NULL
1141762;NULL
1141763;NULL
1141764;NULL
1141753;NULL
1141768;NULL
1141891;NULL
1141904;NULL
1141909;NULL
1141887;NULL
1141920;NULL
1141923;NULL
1141963;NULL
1142131;NULL
1142144;NULL
1142145;NULL
1142149;NULL
1142163;NULL
1142168;NULL
1142181;NULL
1142229;NULL
1142598;NULL
1142608;NULL
1142886;NULL
1142895;NULL
1142914;NULL
1142916;NULL
1142953;NULL
1142956;NULL
1142993;NULL
1143064;NULL
1143173;NULL
1143221;NULL
1143230;NULL
1143244;NULL
1143390;NULL
1143457;NULL
1143671;NULL
1144005;NULL
1144019;NULL
1144022;NULL
1144026;NULL
1144030;NULL
1144154;NULL
1144207;NULL
1144208;NULL
1144210;NULL
1144215;NULL
1144218;NULL
1144250;NULL
1144428;NULL
1144434;NULL
1144517;NULL
1144558;NULL
1144641;NULL
1144745;NULL
1144748;NULL
1144750;NULL
1144752;NULL
1144764;NULL
1144765;NULL
1144801;NULL
1144806;NULL
1145170;NULL
1145191;NULL
1145258;NULL
1145390;NULL
1145445;NULL
1145563;NULL
1145603;NULL
1145624;NULL
1145635;NULL
1145647;NULL
1145651;NULL
1145653;NULL
1145660;NULL
1145640;NULL
1145743;NULL
1145859;NULL
1145937;NULL
1146196;NULL
1146225;NULL
1146226;NULL
1146227;NULL
1146229;NULL
1146545;NULL
1146561;NULL
1146563;NULL
1146515;NULL
1146632;NULL
1146695;NULL
1146741;NULL
1146744;NULL
1146747;NULL
1146924;NULL
1146935;NULL
1146945;NULL
1146845;NULL
1146989;NULL
1147052;NULL
1147063;NULL
1147082;NULL
1147092;NULL
1147245;NULL
1147249;NULL
1147321;NULL
1147324;NULL
1147105;NULL
1147179;NULL
1147234;NULL
1147480;NULL
1147484;NULL
1147491;NULL
1147503;NULL
1147507;NULL
1147511;NULL
1147426;NULL
1147534;NULL
1147539;NULL
1147552;NULL
1147555;NULL
1147567;NULL
1147582;NULL
1147574;NULL
1147576;NULL
1147924;NULL
1147991;NULL
1147998;NULL
1148011;NULL
1148059;NULL
1148091;NULL
1148145;NULL
1148152;NULL
1148163;NULL
1148164;NULL
1148175;NULL
1148183;NULL
1148214;NULL
1148226;NULL
1148227;NULL
1148228;NULL
1148229;NULL
1148230;NULL
1148370;NULL
1148373;NULL
1148374;NULL
1148375;NULL
1148376;NULL
1148377;NULL
1148381;NULL
1148384;NULL
1148385;NULL
1148387;NULL
1148388;NULL
1148389;NULL
1148391;NULL
1148395;NULL
1148396;NULL
1148399;NULL
1148403;NULL
1148406;NULL
1148408;NULL
1148414;NULL
1148415;NULL
1148417;NULL
1148418;NULL
1148420;NULL
1148427;NULL
1148430;NULL
1148431;NULL
1148432;NULL
1148424;NULL
1148435;NULL
1148437;NULL
1148438;NULL
1148439;NULL
1148446;NULL
1148449;NULL
1148451;NULL
1148455;NULL
1148456;NULL
1148458;NULL
1148463;NULL
1148471;NULL
1148474;NULL
1148476;NULL
1148478;NULL
1148482;NULL
1148485;NULL
1148490;NULL
1148492;NULL
1148494;NULL
1148496;NULL
1148501;NULL
1148504;NULL
1148509;NULL
1148511;NULL
