﻿13279,NULL
13686,NULL
14201,NULL
14275,NULL
15159,NULL
15174,NULL
15978,NULL
16134,NULL
16150,NULL
18607,NULL
20506,NULL
20742,NULL
21001,NULL
21647,NULL
22060,NULL
23043,NULL
24086,NULL
24398,NULL
25323,NULL
25553,NULL
26166,NULL
26961,NULL
26980,NULL
27153,NULL
27769,NULL
28334,NULL
29504,NULL
31572,NULL
31668,NULL
31759,NULL
31894,NULL
32526,NULL
33833,NULL
34076,NULL
34598,NULL
35019,NULL
36805,NULL
38054,NULL
38495,NULL
38618,NULL
38779,NULL
39433,NULL
42019,NULL
44342,NULL
44729,NULL
45153,NULL
45722,NULL
45854,NULL
46033,NULL
46696,NULL
47162,NULL
47882,NULL
48248,NULL
50071,NULL
50210,NULL
52661,NULL
53177,NULL
53672,NULL
53766,NULL
55878,NULL
56068,NULL
57136,NULL
57619,NULL
57831,NULL
58024,NULL
59365,NULL
59752,NULL
59953,NULL
61531,NULL
62521,NULL
62799,NULL
63027,NULL
64441,NULL
65029,NULL
65046,NULL
65115,NULL
65571,NULL
65926,NULL
66125,NULL
66781,NULL
66916,NULL
67715,NULL
67832,NULL
69079,NULL
69649,NULL
71671,NULL
72254,NULL
73229,NULL
73725,NULL
74569,NULL
74589,NULL
75052,NULL
76003,NULL
76122,NULL
76668,NULL
76925,NULL
77422,NULL
77528,NULL
77850,NULL
78605,NULL
78935,NULL
79636,NULL
79679,NULL
80048,NULL
80337,NULL
80396,NULL
82053,NULL
82332,NULL
82753,NULL
83483,NULL
84268,NULL
85204,NULL
85590,NULL
85661,NULL
85698,NULL
85899,NULL
86371,NULL
87845,NULL
88887,NULL
89163,NULL
90900,NULL
91006,NULL
92004,NULL
92053,NULL
92265,NULL
92915,NULL
94032,NULL
94819,NULL
94873,NULL
95377,NULL
97607,NULL
98134,NULL
100384,NULL
101680,NULL
102302,NULL
102470,NULL
103996,NULL
107218,NULL
107341,NULL
108123,NULL
109989,NULL
110159,NULL
112833,NULL
112848,NULL
112913,NULL
112948,NULL
112960,NULL
113083,NULL
113477,NULL
114815,NULL
114942,NULL
114957,NULL
115818,NULL
117218,NULL
119904,NULL
119951,NULL
120046,NULL
120444,NULL
120585,NULL
123192,NULL
124135,NULL
124357,NULL
124418,NULL
125905,NULL
125908,NULL
126121,NULL
126158,NULL
126651,NULL
126683,NULL
127877,NULL
128544,NULL
129858,NULL
129861,NULL
130395,NULL
130699,NULL
131368,NULL
131868,NULL
132786,NULL
132963,NULL
133745,NULL
134027,NULL
135068,NULL
135602,NULL
136222,NULL
138088,NULL
138300,NULL
139062,NULL
139562,NULL
139729,NULL
139807,NULL
140287,NULL
141254,NULL
143435,NULL
144975,NULL
145210,NULL
145434,NULL
145973,NULL
148374,NULL
150408,NULL
150923,NULL
152293,NULL
153770,NULL
154414,NULL
154730,NULL
154853,NULL
156885,NULL
157184,NULL
157592,NULL
157750,NULL
157914,NULL
157986,NULL
157994,NULL
159410,NULL
159567,NULL
159898,NULL
161280,NULL
161326,NULL
162505,NULL
162656,NULL
162728,NULL
162979,NULL
163389,NULL
163623,NULL
164294,NULL
164470,NULL
164746,NULL
165241,NULL
165885,NULL
166049,NULL
166450,NULL
167889,NULL
168369,NULL
168486,NULL
169412,NULL
169629,NULL
169649,NULL
169782,NULL
170907,NULL
170985,NULL
172609,NULL
172610,NULL
172926,NULL
173743,NULL
173815,NULL
174247,NULL
175569,NULL
175629,NULL
176216,NULL
176355,NULL
176545,NULL
176806,NULL
177255,NULL
177275,NULL
177865,NULL
179464,NULL
179524,NULL
180226,NULL
181498,NULL
181888,NULL
182244,NULL
182781,NULL
184128,NULL
184834,NULL
185662,NULL
186326,NULL
188015,NULL
188417,NULL
188900,NULL
189095,NULL
189138,NULL
190559,NULL
190591,NULL
191039,NULL
191805,NULL
192553,NULL
193101,NULL
193513,NULL
194050,NULL
194238,NULL
195597,NULL
196051,NULL
196082,NULL
199384,NULL
199465,NULL
199712,NULL
199813,NULL
201421,NULL
203223,NULL
204020,NULL
204873,NULL
205044,NULL
205171,NULL
205908,NULL
206127,NULL
207355,NULL
207495,NULL
208763,NULL
209666,NULL
210169,NULL
210293,NULL
210360,NULL
211073,NULL
211933,NULL
212467,NULL
213107,NULL
213792,NULL
214118,NULL
215325,NULL
216189,NULL
216529,NULL
218081,NULL
218726,NULL
219370,NULL
219734,NULL
222143,NULL
223075,NULL
223422,NULL
224991,NULL
225007,NULL
225130,NULL
226797,NULL
226915,NULL
227314,NULL
227727,NULL
228555,NULL
228572,NULL
229874,NULL
229972,NULL
230502,NULL
230883,NULL
230930,NULL
233502,NULL
233638,NULL
234272,NULL
235954,NULL
236467,NULL
236826,NULL
236954,NULL
237143,NULL
237203,NULL
237257,NULL
237558,NULL
237939,NULL
238276,NULL
239490,NULL
240314,NULL
240557,NULL
240581,NULL
241206,NULL
242078,NULL
243678,NULL
243857,NULL
244184,NULL
244398,NULL
244857,NULL
245308,NULL
245391,NULL
246085,NULL
246357,NULL
247708,NULL
248135,NULL
248646,NULL
249146,NULL
250133,NULL
251447,NULL
251763,NULL
252022,NULL
252370,NULL
252696,NULL
253322,NULL
253405,NULL
254981,NULL
255367,NULL
255486,NULL
255649,NULL
256193,NULL
256453,NULL
256882,NULL
257477,NULL
257531,NULL
258345,NULL
259488,NULL
262362,NULL
262913,NULL
263140,NULL
264227,NULL
265448,NULL
266370,NULL
267032,NULL
267078,NULL
267388,NULL
267524,NULL
267681,NULL
267784,NULL
268478,NULL
268896,NULL
270245,NULL
270758,NULL
270776,NULL
272426,NULL
272813,NULL
274622,NULL
275361,NULL
275734,NULL
275778,NULL
275923,NULL
275944,NULL
276022,NULL
276570,NULL
277394,NULL
277873,NULL
278966,NULL
279782,NULL
279808,NULL
281053,NULL
281091,NULL
281095,NULL
281415,NULL
281702,NULL
281846,NULL
282065,NULL
282414,NULL
284380,NULL
286490,NULL
286709,NULL
287646,NULL
288314,NULL
288853,NULL
290711,NULL
291178,NULL
291248,NULL
291646,NULL
291859,NULL
292581,NULL
292664,NULL
293127,NULL
293248,NULL
293740,NULL
294853,NULL
295549,NULL
295560,NULL
295753,NULL
296116,NULL
297541,NULL
297818,NULL
299523,NULL
299723,NULL
301842,NULL
302083,NULL
307222,NULL
307368,NULL
307734,NULL
309459,NULL
309461,NULL
310024,NULL
310289,NULL
311024,NULL
311126,NULL
311637,NULL
311738,NULL
312675,NULL
312766,NULL
313014,NULL
313469,NULL
313745,NULL
314169,NULL
314491,NULL
316147,NULL
316472,NULL
316662,NULL
317401,NULL
318274,NULL
318444,NULL
318680,NULL
319064,NULL
319574,NULL
319902,NULL
320006,NULL
320307,NULL
320328,NULL
320583,NULL
320981,NULL
321430,NULL
322498,NULL
322948,NULL
323272,NULL
323442,NULL
323627,NULL
323678,NULL
324535,NULL
324542,NULL
324802,NULL
325036,NULL
327421,NULL
327683,NULL
328151,NULL
329635,NULL
329972,NULL
330079,NULL
330548,NULL
330897,NULL
331367,NULL
331617,NULL
332980,NULL
333309,NULL
333950,NULL
335434,NULL
335975,NULL
336103,NULL
336525,NULL
338418,NULL
338555,NULL
339788,NULL
339790,NULL
339991,NULL
339995,NULL
341773,NULL
341882,NULL
341884,NULL
342081,NULL
342405,NULL
342460,NULL
342630,NULL
344864,NULL
346303,NULL
346345,NULL
347106,NULL
347436,NULL
347826,NULL
348141,NULL
348434,NULL
348484,NULL
349671,NULL
349889,NULL
350844,NULL
352191,NULL
352688,NULL
354648,NULL
354960,NULL
354982,NULL
355970,NULL
356472,NULL
356719,NULL
356789,NULL
358522,NULL
359018,NULL
359244,NULL
359439,NULL
361192,NULL
361888,NULL
362583,NULL
362658,NULL
362845,NULL
363198,NULL
363338,NULL
363687,NULL
364483,NULL
364972,NULL
365485,NULL
367625,NULL
367845,NULL
368778,NULL
370022,NULL
371841,NULL
371941,NULL
372278,NULL
372333,NULL
372548,NULL
372752,NULL
372800,NULL
372956,NULL
373619,NULL
373858,NULL
374112,NULL
375245,NULL
376410,NULL
376502,NULL
376585,NULL
376626,NULL
378407,NULL
378504,NULL
379886,NULL
380083,NULL
380467,NULL
380530,NULL
380947,NULL
381041,NULL
381828,NULL
382174,NULL
383745,NULL
383856,NULL
384985,NULL
386685,NULL
388369,NULL
388579,NULL
388800,NULL
389832,NULL
390894,NULL
390903,NULL
391298,NULL
392176,NULL
392543,NULL
392727,NULL
392760,NULL
393043,NULL
393541,NULL
394074,NULL
394350,NULL
394823,NULL
395746,NULL
396119,NULL
396361,NULL
396563,NULL
397136,NULL
397206,NULL
397350,NULL
397460,NULL
397531,NULL
397791,NULL
397890,NULL
399193,NULL
399393,NULL
399697,NULL
400230,NULL
400291,NULL
401091,NULL
402398,NULL
403653,NULL
403874,NULL
404316,NULL
404353,NULL
404559,NULL
405388,NULL
407212,NULL
407450,NULL
407484,NULL
407976,NULL
408419,NULL
408492,NULL
409037,NULL
409896,NULL
409996,NULL
409997,NULL
410466,NULL
410479,NULL
410980,NULL
412166,NULL
412449,NULL
412967,NULL
413061,NULL
413073,NULL
413764,NULL
414849,NULL
414941,NULL
415030,NULL
415504,NULL
415622,NULL
416370,NULL
416424,NULL
416512,NULL
416551,NULL
417272,NULL
417474,NULL
417668,NULL
418353,NULL
419215,NULL
419428,NULL
420198,NULL
420442,NULL
422072,NULL
422294,NULL
422555,NULL
424906,NULL
424917,NULL
426157,NULL
426502,NULL
426855,NULL
429232,NULL
429441,NULL
430866,NULL
431446,NULL
431615,NULL
431906,NULL
431921,NULL
433632,NULL
434485,NULL
434735,NULL
435400,NULL
436195,NULL
436833,NULL
437180,NULL
437910,NULL
439846,NULL
440521,NULL
441219,NULL
442379,NULL
443120,NULL
444022,NULL
444544,NULL
444704,NULL
444876,NULL
445717,NULL
446866,NULL
448251,NULL
448627,NULL
448825,NULL
448837,NULL
449154,NULL
449210,NULL
449460,NULL
449639,NULL
449753,NULL
450939,NULL
451058,NULL
452206,NULL
452532,NULL
453559,NULL
454435,NULL
457263,NULL
458505,NULL
458523,NULL
459108,NULL
459444,NULL
459445,NULL
459585,NULL
460119,NULL
460313,NULL
461892,NULL
463379,NULL
463570,NULL
463614,NULL
463881,NULL
463928,NULL
464349,NULL
464551,NULL
464852,NULL
464960,NULL
465290,NULL
465475,NULL
465864,NULL
466668,NULL
468027,NULL
469100,NULL
469282,NULL
469437,NULL
469529,NULL
469566,NULL
470366,NULL
470415,NULL
470519,NULL
470926,NULL
471286,NULL
471691,NULL
471784,NULL
471785,NULL
471828,NULL
472113,NULL
472468,NULL
472489,NULL
472668,NULL
472828,NULL
473142,NULL
473794,NULL
474191,NULL
474582,NULL
474673,NULL
474953,NULL
475422,NULL
475721,NULL
476661,NULL
476898,NULL
477078,NULL
477892,NULL
478870,NULL
478963,NULL
479641,NULL
480072,NULL
480824,NULL
481027,NULL
481102,NULL
481427,NULL
481438,NULL
481773,NULL
482296,NULL
483035,NULL
483803,NULL
483984,NULL
484178,NULL
484541,NULL
484956,NULL
485005,NULL
485197,NULL
485485,NULL
486358,NULL
486394,NULL
487837,NULL
487893,NULL
487970,NULL
488455,NULL
489194,NULL
489287,NULL
489770,NULL
489964,NULL
490722,NULL
490834,NULL
493809,NULL
494334,NULL
497665,NULL
499002,NULL
499029,NULL
499212,NULL
500050,NULL
500666,NULL
501209,NULL
501458,NULL
503063,NULL
503095,NULL
503466,NULL
503845,NULL
504394,NULL
504833,NULL
507051,NULL
508297,NULL
509300,NULL
509714,NULL
510254,NULL
511072,NULL
511221,NULL
513204,NULL
513235,NULL
513242,NULL
513500,NULL
514127,NULL
514240,NULL
514257,NULL
514694,NULL
514974,NULL
515078,NULL
515151,NULL
515249,NULL
517057,NULL
517790,NULL
521616,NULL
522611,NULL
522719,NULL
523959,NULL
524365,NULL
525610,NULL
526869,NULL
527246,NULL
529094,NULL
529736,NULL
530291,NULL
531560,NULL
531823,NULL
532218,NULL
532829,NULL
532864,NULL
535217,NULL
535323,NULL
535370,NULL
535617,NULL
535700,NULL
536047,NULL
536840,NULL
537799,NULL
539339,NULL
539601,NULL
539770,NULL
540389,NULL
540390,NULL
541289,NULL
541381,NULL
542480,NULL
543081,NULL
543814,NULL
544328,NULL
544579,NULL
544756,NULL
544961,NULL
545213,NULL
545241,NULL
545259,NULL
547658,NULL
547897,NULL
548866,NULL
549079,NULL
549779,NULL
550148,NULL
550639,NULL
550767,NULL
550909,NULL
551143,NULL
552395,NULL
552904,NULL
553130,NULL
556957,NULL
556991,NULL
557056,NULL
557152,NULL
557221,NULL
558047,NULL
558074,NULL
558990,NULL
559052,NULL
561106,NULL
562825,NULL
564155,NULL
566088,NULL
566284,NULL
566545,NULL
567271,NULL
567272,NULL
568035,NULL
569547,NULL
569613,NULL
570423,NULL
570723,NULL
572296,NULL
572422,NULL
572982,NULL
574761,NULL
575347,NULL
576606,NULL
576901,NULL
577615,NULL
577657,NULL
578293,NULL
580054,NULL
580344,NULL
580532,NULL
580973,NULL
584592,NULL
585139,NULL
585706,NULL
587328,NULL
587507,NULL
587941,NULL
590430,NULL
590676,NULL
592539,NULL
593099,NULL
593970,NULL
594256,NULL
594286,NULL
594772,NULL
595542,NULL
596840,NULL
596929,NULL
597045,NULL
597214,NULL
597427,NULL
598479,NULL
598838,NULL
599118,NULL
601982,NULL
602096,NULL
603256,NULL
603591,NULL
604043,NULL
605202,NULL
605701,NULL
606035,NULL
606366,NULL
607269,NULL
608676,NULL
608685,NULL
608993,NULL
609150,NULL
609469,NULL
609553,NULL
609785,NULL
610099,NULL
610209,NULL
610331,NULL
610479,NULL
612232,NULL
612245,NULL
612271,NULL
612408,NULL
612436,NULL
613008,NULL
613537,NULL
613783,NULL
614556,NULL
614652,NULL
614918,NULL
616145,NULL
617352,NULL
617428,NULL
617731,NULL
618895,NULL
619521,NULL
619771,NULL
620091,NULL
620436,NULL
620463,NULL
620491,NULL
622597,NULL
622810,NULL
623544,NULL
623691,NULL
624084,NULL
624177,NULL
624183,NULL
624600,NULL
624674,NULL
625068,NULL
625431,NULL
626841,NULL
626907,NULL
627130,NULL
627176,NULL
627750,NULL
628089,NULL
628150,NULL
629036,NULL
629836,NULL
630386,NULL
630483,NULL
631500,NULL
631942,NULL
632386,NULL
632772,NULL
635207,NULL
635593,NULL
635738,NULL
635758,NULL
635895,NULL
637406,NULL
637556,NULL
637743,NULL
637951,NULL
638374,NULL
638436,NULL
638970,NULL
639426,NULL
639766,NULL
639845,NULL
639873,NULL
640397,NULL
640613,NULL
643246,NULL
644301,NULL
644641,NULL
645366,NULL
645437,NULL
645666,NULL
646067,NULL
646079,NULL
646119,NULL
646989,NULL
647568,NULL
648210,NULL
648471,NULL
649817,NULL
650324,NULL
650601,NULL
650744,NULL
651476,NULL
652307,NULL
655122,NULL
655136,NULL
656016,NULL
656111,NULL
656219,NULL
656279,NULL
656675,NULL
657148,NULL
657570,NULL
657769,NULL
658194,NULL
658547,NULL
658868,NULL
659977,NULL
660126,NULL
661514,NULL
661961,NULL
662042,NULL
662337,NULL
662935,NULL
663420,NULL
663966,NULL
664509,NULL
665827,NULL
666047,NULL
666179,NULL
666272,NULL
666694,NULL
666751,NULL
667018,NULL
667195,NULL
667343,NULL
668168,NULL
668176,NULL
668729,NULL
669041,NULL
669334,NULL
669963,NULL
670992,NULL
671067,NULL
671191,NULL
671710,NULL
672665,NULL
674441,NULL
674500,NULL
675055,NULL
675121,NULL
675638,NULL
676498,NULL
678029,NULL
678134,NULL
678162,NULL
678653,NULL
678830,NULL
679034,NULL
679902,NULL
680591,NULL
681538,NULL
681744,NULL
681970,NULL
682457,NULL
682474,NULL
682655,NULL
683680,NULL
683924,NULL
684189,NULL
685850,NULL
687236,NULL
687315,NULL
689512,NULL
689959,NULL
690056,NULL
691495,NULL
691792,NULL
691928,NULL
692260,NULL
694090,NULL
695135,NULL
695709,NULL
696465,NULL
696577,NULL
697012,NULL
697375,NULL
697842,NULL
697892,NULL
697894,NULL
698165,NULL
698599,NULL
698663,NULL
698780,NULL
699336,NULL
699515,NULL
700285,NULL
700992,NULL
701207,NULL
702943,NULL
703279,NULL
703446,NULL
703522,NULL
703706,NULL
703941,NULL
703958,NULL
704404,NULL
704536,NULL
704617,NULL
706169,NULL
706335,NULL
706571,NULL
707045,NULL
707223,NULL
707317,NULL
708674,NULL
708737,NULL
708945,NULL
709959,NULL
712020,NULL
712277,NULL
712692,NULL
712798,NULL
713804,NULL
714085,NULL
714463,NULL
714892,NULL
715220,NULL
715879,NULL
716666,NULL
716790,NULL
716895,NULL
717256,NULL
717360,NULL
717725,NULL
718472,NULL
719727,NULL
720204,NULL
720508,NULL
720650,NULL
720711,NULL
721760,NULL
722399,NULL
722657,NULL
723363,NULL
723393,NULL
723899,NULL
724323,NULL
724458,NULL
725101,NULL
725696,NULL
725956,NULL
726587,NULL
726859,NULL
726992,NULL
727003,NULL
727041,NULL
727955,NULL
728678,NULL
728761,NULL
728966,NULL
728974,NULL
729759,NULL
730125,NULL
730250,NULL
730811,NULL
730983,NULL
731079,NULL
731781,NULL
732050,NULL
732320,NULL
733851,NULL
734355,NULL
734677,NULL
735341,NULL
736707,NULL
736938,NULL
736964,NULL
736992,NULL
737096,NULL
737130,NULL
738217,NULL
739530,NULL
739844,NULL
742907,NULL
743432,NULL
744219,NULL
744476,NULL
744841,NULL
744916,NULL
745055,NULL
745082,NULL
745816,NULL
746183,NULL
746417,NULL
746585,NULL
746991,NULL
747010,NULL
747395,NULL
747773,NULL
749762,NULL
750015,NULL
750271,NULL
750534,NULL
752587,NULL
752607,NULL
754126,NULL
754416,NULL
754579,NULL
756042,NULL
756354,NULL
756401,NULL
756656,NULL
756807,NULL
757163,NULL
758823,NULL
759349,NULL
759596,NULL
760015,NULL
760199,NULL
760675,NULL
760694,NULL
761161,NULL
761326,NULL
761462,NULL
761828,NULL
763336,NULL
763407,NULL
763438,NULL
763635,NULL
764463,NULL
764904,NULL
765492,NULL
767672,NULL
768231,NULL
769064,NULL
769996,NULL
770960,NULL
771219,NULL
771972,NULL
772105,NULL
772438,NULL
772727,NULL
772865,NULL
772882,NULL
773010,NULL
773192,NULL
773295,NULL
774632,NULL
775125,NULL
775156,NULL
775266,NULL
775592,NULL
776753,NULL
776774,NULL
778248,NULL
778511,NULL
778923,NULL
779002,NULL
779637,NULL
779758,NULL
781178,NULL
781644,NULL
783345,NULL
783547,NULL
783550,NULL
783890,NULL
784591,NULL
784644,NULL
784756,NULL
784823,NULL
784886,NULL
785243,NULL
785415,NULL
785434,NULL
785560,NULL
785759,NULL
786512,NULL
786763,NULL
787436,NULL
787862,NULL
788334,NULL
789618,NULL
790712,NULL
791937,NULL
792310,NULL
792477,NULL
792546,NULL
792797,NULL
793018,NULL
793072,NULL
793129,NULL
793311,NULL
793779,NULL
793855,NULL
794205,NULL
794296,NULL
794892,NULL
795014,NULL
795250,NULL
796099,NULL
796457,NULL
797595,NULL
798330,NULL
798399,NULL
798739,NULL
799036,NULL
799329,NULL
799355,NULL
799715,NULL
799899,NULL
800905,NULL
801232,NULL
802253,NULL
802520,NULL
802877,NULL
803414,NULL
804574,NULL
804606,NULL
804614,NULL
804647,NULL
804938,NULL
805230,NULL
805606,NULL
806903,NULL
807659,NULL
807914,NULL
808229,NULL
808395,NULL
809696,NULL
810273,NULL
811237,NULL
811385,NULL
811851,NULL
812235,NULL
812309,NULL
813282,NULL
813708,NULL
813908,NULL
814118,NULL
814220,NULL
817206,NULL
817474,NULL
817797,NULL
817895,NULL
818322,NULL
818339,NULL
819716,NULL
820294,NULL
820492,NULL
820766,NULL
821443,NULL
822216,NULL
822839,NULL
823163,NULL
824069,NULL
824203,NULL
824726,NULL
824882,NULL
825505,NULL
825887,NULL
826211,NULL
826364,NULL
827414,NULL
827425,NULL
828352,NULL
829685,NULL
829912,NULL
830085,NULL
831762,NULL
832616,NULL
832752,NULL
833579,NULL
834455,NULL
835665,NULL
835856,NULL
836053,NULL
837414,NULL
837530,NULL
837571,NULL
837790,NULL
840412,NULL
840664,NULL
840981,NULL
841066,NULL
841189,NULL
841805,NULL
841822,NULL
842026,NULL
842044,NULL
843003,NULL
843219,NULL
844696,NULL
845497,NULL
845841,NULL
846392,NULL
847004,NULL
847172,NULL
848395,NULL
848679,NULL
849434,NULL
849904,NULL
850197,NULL
850980,NULL
852782,NULL
853119,NULL
853418,NULL
854601,NULL
854708,NULL
855950,NULL
856726,NULL
858073,NULL
858964,NULL
859325,NULL
860225,NULL
861384,NULL
861428,NULL
861902,NULL
862569,NULL
862654,NULL
864234,NULL
864741,NULL
866138,NULL
866728,NULL
866779,NULL
867153,NULL
868819,NULL
869162,NULL
869180,NULL
869433,NULL
870340,NULL
871326,NULL
871767,NULL
871954,NULL
872729,NULL
873520,NULL
873836,NULL
874913,NULL
875167,NULL
876014,NULL
877670,NULL
880282,NULL
881169,NULL
881407,NULL
881589,NULL
882100,NULL
882784,NULL
883110,NULL
883198,NULL
883243,NULL
883663,NULL
884955,NULL
885267,NULL
885480,NULL
887119,NULL
887144,NULL
888221,NULL
888518,NULL
889375,NULL
889520,NULL
890961,NULL
890998,NULL
891364,NULL
892242,NULL
892394,NULL
893423,NULL
894422,NULL
894708,NULL
895345,NULL
895533,NULL
895692,NULL
895996,NULL
896023,NULL
899106,NULL
899254,NULL
900518,NULL
901770,NULL
901847,NULL
901855,NULL
903278,NULL
903926,NULL
909220,NULL
920561,NULL
926564,NULL
927084,NULL
927592,NULL
928129,NULL
928962,NULL
930265,NULL
930490,NULL
931302,NULL
933485,NULL
933790,NULL
933828,NULL
934069,NULL
934996,NULL
935001,NULL
935716,NULL
935829,NULL
935879,NULL
936856,NULL
937266,NULL
937423,NULL
937623,NULL
937998,NULL
938637,NULL
938751,NULL
939744,NULL
941561,NULL
941739,NULL
943933,NULL
945512,NULL
945822,NULL
945882,NULL
946022,NULL
946588,NULL
946952,NULL
946975,NULL
947661,NULL
947734,NULL
947754,NULL
947787,NULL
947980,NULL
949273,NULL
949561,NULL
949596,NULL
949815,NULL
950507,NULL
950689,NULL
950890,NULL
950979,NULL
951635,NULL
951859,NULL
952059,NULL
952303,NULL
952718,NULL
952803,NULL
954708,NULL
954855,NULL
955061,NULL
959387,NULL
960265,NULL
960654,NULL
961241,NULL
961245,NULL
961318,NULL
961582,NULL
962600,NULL
963677,NULL
964091,NULL
964403,NULL
964871,NULL
964923,NULL
966497,NULL
966841,NULL
968488,NULL
968796,NULL
971594,NULL
971855,NULL
971902,NULL
971922,NULL
972412,NULL
972857,NULL
973248,NULL
973363,NULL
974666,NULL
975755,NULL
976131,NULL
976489,NULL
976614,NULL
977502,NULL
978083,NULL
978100,NULL
978238,NULL
978350,NULL
978594,NULL
979157,NULL
979703,NULL
980203,NULL
980407,NULL
980524,NULL
981086,NULL
982119,NULL
983141,NULL
983506,NULL
983771,NULL
983971,NULL
984182,NULL
985670,NULL
985702,NULL
985831,NULL
986699,NULL
987313,NULL
987690,NULL
988227,NULL
988533,NULL
989037,NULL
989961,NULL
991992,NULL
992525,NULL
993518,NULL
993782,NULL
995011,NULL
995101,NULL
996407,NULL
996603,NULL
996783,NULL
997078,NULL
997411,NULL
997661,NULL
997718,NULL
998014,NULL
1001393,NULL
1001517,NULL
1001549,NULL
1001807,NULL
1002386,NULL
1002926,NULL
1003171,NULL
1003199,NULL
1003210,NULL
1003433,NULL
1003525,NULL
1003632,NULL
1003724,NULL
1004337,NULL
1004662,NULL
1004953,NULL
1005918,NULL
1006047,NULL
1006605,NULL
1006670,NULL
1007003,NULL
1007274,NULL
1007501,NULL
1008467,NULL
1008544,NULL
1008735,NULL
1009657,NULL
1009684,NULL
1010263,NULL
1011540,NULL
1011735,NULL
1011784,NULL
1011817,NULL
1012147,NULL
1012339,NULL
1013050,NULL
1013418,NULL
1013842,NULL
1014024,NULL
1014355,NULL
1015049,NULL
1015847,NULL
1016815,NULL
1017176,NULL
1017763,NULL
1018084,NULL
1018109,NULL
1018511,NULL
1018802,NULL
1019333,NULL
1019475,NULL
1019668,NULL
1019864,NULL
1020793,NULL
1021176,NULL
1021619,NULL
1022042,NULL
1022583,NULL
1022820,NULL
1024381,NULL
1024501,NULL
1024852,NULL
1025404,NULL
1025693,NULL
1026314,NULL
1026610,NULL
1028266,NULL
1028571,NULL
1028726,NULL
1029303,NULL
1029315,NULL
1029410,NULL
1029492,NULL
1030179,NULL
1030403,NULL
1030992,NULL
1031056,NULL
1031097,NULL
1031181,NULL
1031432,NULL
1032134,NULL
1033071,NULL
1033240,NULL
1034590,NULL
1036166,NULL
1036722,NULL
1037276,NULL
1037449,NULL
1037992,NULL
1038441,NULL
1038703,NULL
1039201,NULL
1039962,NULL
1041047,NULL
1041329,NULL
1041910,NULL
1041963,NULL
1043106,NULL
1043187,NULL
1043771,NULL
1044576,NULL
1044586,NULL
1044590,NULL
1045045,NULL
1045149,NULL
1045702,NULL
1046145,NULL
1046505,NULL
1047115,NULL
1047505,NULL
1048119,NULL
1048818,NULL
1048822,NULL
1048977,NULL
1049164,NULL
1049742,NULL
1049745,NULL
1051298,NULL
1051687,NULL
1053450,NULL
1053719,NULL
1053779,NULL
1053855,NULL
1054108,NULL
1054110,NULL
1054274,NULL
1055431,NULL
1056147,NULL
1056626,NULL
1056679,NULL
1057457,NULL
1057761,NULL
1057931,NULL
1058118,NULL
1058255,NULL
1058349,NULL
1058843,NULL
1060827,NULL
1070328,NULL
1070439,NULL
1071177,NULL
1071967,NULL
1072149,NULL
1073329,NULL
1074275,NULL
1074325,NULL
1074438,NULL
1074467,NULL
1074489,NULL
1074567,NULL
1074679,NULL
1074906,NULL
1074930,NULL
1074937,NULL
1075122,NULL
1075183,NULL
1075240,NULL
1075280,NULL
1075378,NULL
1075390,NULL
1075420,NULL
1075423,NULL
1075434,NULL
1075448,NULL
1075453,NULL
1075494,NULL
1075579,NULL
1077478,NULL
1078482,NULL
1079021,NULL
1079170,NULL
1080684,NULL
1080770,NULL
1081043,NULL
1081067,NULL
1081363,NULL
1081424,NULL
1081483,NULL
1081537,NULL
1081698,NULL
1081739,NULL
1081752,NULL
1081813,NULL
1081952,NULL
1082023,NULL
1082056,NULL
1082147,NULL
1082165,NULL
1082320,NULL
1082344,NULL
1082517,NULL
1082557,NULL
1082736,NULL
1082804,NULL
1082979,NULL
1083340,NULL
1083362,NULL
1083751,NULL
1084236,NULL
1084276,NULL
1084428,NULL
1084539,NULL
1084550,NULL
1084778,NULL
1084954,NULL
1085039,NULL
1085070,NULL
1085282,NULL
1085337,NULL
1085371,NULL
1085374,NULL
1085402,NULL
1085422,NULL
1085780,NULL
1086633,NULL
1086663,NULL
1086708,NULL
1086823,NULL
1086877,NULL
1086890,NULL
1086930,NULL
1086952,NULL
1087207,NULL
1087215,NULL
1087551,NULL
1087910,NULL
1087936,NULL
1087954,NULL
1088013,NULL
1088066,NULL
1088571,NULL
1088672,NULL
1088721,NULL
1089303,NULL
1089352,NULL
1089416,NULL
1089514,NULL
1089693,NULL
1089799,NULL
1089909,NULL
1089984,NULL
1090039,NULL
1090052,NULL
1090559,NULL
1091014,NULL
1091076,NULL
1091128,NULL
1091146,NULL
1091292,NULL
1091388,NULL
1091429,NULL
1091658,NULL
1092229,NULL
1092358,NULL
1092906,NULL
1093030,NULL
1093105,NULL
1093293,NULL
1093393,NULL
1093759,NULL
1093912,NULL
1093961,NULL
1094153,NULL
1094560,NULL
1094639,NULL
1094701,NULL
1095262,NULL
1095476,NULL
1095760,NULL
1095989,NULL
1095991,NULL
1096196,NULL
1096519,NULL
1096816,NULL
1096940,NULL
1097298,NULL
1097304,NULL
1097467,NULL
1097525,NULL
1097600,NULL
1097739,NULL
1098214,NULL
1098365,NULL
1098414,NULL
1098479,NULL
1098533,NULL
1098536,NULL
1098553,NULL
1098586,NULL
1098698,NULL
1098833,NULL
1098836,NULL
1098896,NULL
1098912,NULL
1099061,NULL
1099131,NULL
1099173,NULL
1099206,NULL
1099232,NULL
1099441,NULL
1099854,NULL
1100012,NULL
1100256,NULL
1100297,NULL
1100391,NULL
1100700,NULL
1100844,NULL
1101066,NULL
1101073,NULL
1101119,NULL
1101131,NULL
1101197,NULL
1101344,NULL
1101491,NULL
1101596,NULL
1101605,NULL
1101640,NULL
1101761,NULL
1101929,NULL
1102052,NULL
1102156,NULL
1102243,NULL
1102431,NULL
1102451,NULL
1102469,NULL
1102511,NULL
1102546,NULL
1102579,NULL
1102808,NULL
1103208,NULL
1103552,NULL
1103870,NULL
1104368,NULL
1104546,NULL
1104611,NULL
1104619,NULL
1104956,NULL
1105073,NULL
1105243,NULL
1105247,NULL
1105797,NULL
1105799,NULL
1105804,NULL
1105806,NULL
1105869,NULL
1105905,NULL
1106102,NULL
1106427,NULL
1106491,NULL
1106752,NULL
1106897,NULL
1106909,NULL
1106963,NULL
1107275,NULL
1107344,NULL
1107398,NULL
1107562,NULL
1107628,NULL
1107713,NULL
1107740,NULL
1107859,NULL
1107872,NULL
1107967,NULL
1108031,NULL
1108051,NULL
1108055,NULL
1108152,NULL
1108270,NULL
1108365,NULL
1108806,NULL
1108991,NULL
1109160,NULL
1109207,NULL
1110265,NULL
1110269,NULL
1110335,NULL
1110403,NULL
1110505,NULL
1110726,NULL
1110739,NULL
1111096,NULL
1111124,NULL
1111209,NULL
1111217,NULL
1111250,NULL
1111254,NULL
1111256,NULL
1111571,NULL
1111836,NULL
1111875,NULL
1111881,NULL
1111897,NULL
1111902,NULL
1111906,NULL
1111922,NULL
1111923,NULL
1111928,NULL
1111930,NULL
1111952,NULL
1112076,NULL
1112124,NULL
1112126,NULL
1112134,NULL
1112167,NULL
1112210,NULL
1112217,NULL
1112362,NULL
1112510,NULL
1112576,NULL
1112608,NULL
1112611,NULL
1112612,NULL
1112613,NULL
1112661,NULL
1112664,NULL
1112668,NULL
1112717,NULL
1112720,NULL
1112727,NULL
1112728,NULL
1112745,NULL
1112915,NULL
1113068,NULL
1113073,NULL
1113080,NULL
1113085,NULL
1113102,NULL
1113232,NULL
1113296,NULL
1113314,NULL
1113337,NULL
1113342,NULL
1113343,NULL
1113348,NULL
1113350,NULL
1113363,NULL
1113364,NULL
1113368,NULL
1113383,NULL
1113400,NULL
1113401,NULL
1113446,NULL
1113447,NULL
1113597,NULL
1113601,NULL
1113610,NULL
1113611,NULL
1113622,NULL
1113626,NULL
1113697,NULL
1113721,NULL
1113857,NULL
1113862,NULL
1113868,NULL
1113873,NULL
1113881,NULL
1113897,NULL
1113904,NULL
1113906,NULL
1114024,NULL
1114095,NULL
1114161,NULL
1114162,NULL
1114306,NULL
1114506,NULL
1114523,NULL
1114526,NULL
1114542,NULL
1114645,NULL
1114668,NULL
1114679,NULL
1114684,NULL
1114825,NULL
1114836,NULL
1114837,NULL
1114890,NULL
1114900,NULL
1114909,NULL
1114922,NULL
1114934,NULL
1115050,NULL
1115057,NULL
1115067,NULL
1115083,NULL
1115092,NULL
1115171,NULL
1115177,NULL
1115204,NULL
1115207,NULL
1115377,NULL
1115379,NULL
1115394,NULL
1115406,NULL
1115409,NULL
1115457,NULL
1115458,NULL
1115459,NULL
1115460,NULL
1115463,NULL
1115466,NULL
1115509,NULL
1115614,NULL
1115647,NULL
1115649,NULL
1115660,NULL
1115662,NULL
1115957,NULL
1115966,NULL
1115968,NULL
1116023,NULL
1116029,NULL
1116030,NULL
1116033,NULL
1116034,NULL
1116035,NULL
1116038,NULL
1116039,NULL
1116040,NULL
1116042,NULL
1116084,NULL
1116091,NULL
1116152,NULL
1116163,NULL
1116239,NULL
1116246,NULL
1116248,NULL
1116338,NULL
1116366,NULL
1116368,NULL
1116371,NULL
1116375,NULL
1116378,NULL
1116395,NULL
1116400,NULL
1116463,NULL
1116560,NULL
1116565,NULL
1116583,NULL
1116586,NULL
1116587,NULL
1116591,NULL
1116600,NULL
1116604,NULL
1116648,NULL
1116649,NULL
1116652,NULL
1116662,NULL
1116726,NULL
1116768,NULL
1116814,NULL
1116815,NULL
1116819,NULL
1116820,NULL
1116821,NULL
1116822,NULL
1116827,NULL
1116961,NULL
1116968,NULL
1116991,NULL
1117362,NULL
1117389,NULL
1117524,NULL
1117526,NULL
1117528,NULL
1117530,NULL
1117532,NULL
1117534,NULL
1117535,NULL
1117537,NULL
1117538,NULL
1117541,NULL
1117543,NULL
1117546,NULL
1117551,NULL
1117556,NULL
1117565,NULL
1117574,NULL
1117579,NULL
1117582,NULL
1117583,NULL
1117584,NULL
1117585,NULL
1117586,NULL
1117588,NULL
1117590,NULL
1117593,NULL
1117596,NULL
1117598,NULL
1117599,NULL
1117602,NULL
1117603,NULL
1117604,NULL
1117613,NULL
1117726,NULL
1117728,NULL
1117730,NULL
1117731,NULL
1117733,NULL
1117734,NULL
1117737,NULL
1117738,NULL
1117740,NULL
1117743,NULL
1117744,NULL
1117746,NULL
1117747,NULL
1117748,NULL
1117750,NULL
1117753,NULL
1117754,NULL
1117755,NULL
1117757,NULL
1117761,NULL
1117765,NULL
1117766,NULL
1117770,NULL
1117771,NULL
1117779,NULL
1117794,NULL
1117795,NULL
1117796,NULL
1117797,NULL
1117798,NULL
1117799,NULL
1117800,NULL
1117809,NULL
1117920,NULL
1117921,NULL
1117924,NULL
1117928,NULL
1117948,NULL
1117949,NULL
1117951,NULL
1117952,NULL
1117953,NULL
1117954,NULL
1117955,NULL
1117956,NULL
1117958,NULL
1117959,NULL
1117960,NULL
1117961,NULL
1117962,NULL
1117963,NULL
1117964,NULL
1117965,NULL
1117966,NULL
1117967,NULL
1117969,NULL
1117970,NULL
1117972,NULL
1117974,NULL
1117975,NULL
1117976,NULL
1117978,NULL
1117979,NULL
1117980,NULL
1117982,NULL
1117984,NULL
1117985,NULL
1117987,NULL
1117988,NULL
1117989,NULL
1117990,NULL
1117991,NULL
1117995,NULL
1117996,NULL
1117998,NULL
1118000,NULL
1118002,NULL
1118003,NULL
1118005,NULL
1118006,NULL
1118007,NULL
1118008,NULL
1118009,NULL
1118011,NULL
1118012,NULL
1118013,NULL
1118016,NULL
1118017,NULL
1118019,NULL
1118021,NULL
1118022,NULL
1118023,NULL
1118024,NULL
1118026,NULL
1118027,NULL
1118028,NULL
1118029,NULL
1118030,NULL
1118031,NULL
1118033,NULL
1118034,NULL
1118035,NULL
1118036,NULL
1118038,NULL
1118039,NULL
1118040,NULL
1118042,NULL
1118043,NULL
1118046,NULL
1118048,NULL
1118051,NULL
1118056,NULL
